,Supplier_Lead_Time,Inventory_Levels,Order_Frequency,Delivery_Performance,Cost_Per_Unit
Supplier_Lead_Time,1.0,0.37152204597018146,-0.8737414897495258,-0.9099753234211656,0.9614070136710067
Inventory_Levels,0.37152204597018146,1.0,-0.34864444862007427,-0.3171633363496362,0.3095038488231891
Order_Frequency,-0.8737414897495258,-0.34864444862007427,1.0,0.7765660942148824,-0.8680813215996455
Delivery_Performance,-0.9099753234211656,-0.3171633363496362,0.7765660942148824,1.0,-0.8703933287899491
Cost_Per_Unit,0.9614070136710067,0.3095038488231891,-0.8680813215996455,-0.8703933287899491,1.0
